fold,train_IR2,val_IR2,test_IR2,train_MSE,val_MSE,test_MSE,train_MAE,val_MAE,test_MAE,hyperparameters
1,0.0626392146656061,0.0,0.1979927294632225,443.1501489878783,319.5826926601463,702.7468511865701,13.431756784433466,11.123751459113006,18.768264898209427,"{'hidden_1': 256, 'hidden_2': 128, 'dropout_rate': 0.30000000000000004, 'learning_rate': 0.00034609635712656183, 'l2_reg': 0.0, 'batch_size': 16, 'hidden_units': [64, 32], 'epochs': 30, 'patience': 5}"
2,0.0090384503830468,0.214045100078128,0.0,501.884768566985,456.1627953227295,629.1729971948835,14.180921870231476,14.287695829232234,16.495392855683566,"{'hidden_1': 64, 'hidden_2': 64, 'dropout_rate': 0.5, 'learning_rate': 0.0004709746993520912, 'l2_reg': 0.0, 'batch_size': 64, 'hidden_units': [64, 32], 'epochs': 30, 'patience': 5}"
3,0.0058714209407632325,0.037906254710844405,0.0,373.3304579365514,665.9727557370913,379.95706777700275,12.204762838844934,17.64116693994649,12.06224227951506,"{'hidden_1': 128, 'hidden_2': 64, 'dropout_rate': 0.2, 'learning_rate': 0.002451810120391642, 'l2_reg': 1e-05, 'batch_size': 48, 'hidden_units': [64, 32], 'epochs': 30, 'patience': 5}"
4,0.00435218935969596,0.001435358274186586,0.9177226476782305,421.2231720665313,502.5790687766085,292.5287423812723,13.293272750211546,14.273052966517461,11.238253306629716,"{'hidden_1': 192, 'hidden_2': 32, 'dropout_rate': 0.5, 'learning_rate': 0.0015874748821454977, 'l2_reg': 1e-06, 'batch_size': 16, 'hidden_units': [64, 32], 'epochs': 30, 'patience': 5}"
5,0.013428460524161759,0.0143355489821648,0.35635649254969304,492.44566505693945,335.59816670420133,382.65817815463646,14.369885786309807,11.64691366245309,12.751264140336794,"{'hidden_1': 64, 'hidden_2': 128, 'dropout_rate': 0.4, 'learning_rate': 0.0007285538825274742, 'l2_reg': 0.0001, 'batch_size': 112, 'hidden_units': [64, 32], 'epochs': 30, 'patience': 5}"
6,0.0,0.6135043552360575,0.2248323267709144,480.2980458191013,336.0309847950409,804.7189874202619,14.256739067332152,11.960085376368808,19.28622179273323,"{'hidden_1': 192, 'hidden_2': 128, 'dropout_rate': 0.1, 'learning_rate': 0.00039019906320594773, 'l2_reg': 1e-05, 'batch_size': 112, 'hidden_units': [64, 32], 'epochs': 30, 'patience': 5}"
